prompt_index,model,score,prompt,image_url
1,phota,22.267501831054688,"a clean portrait photo of [[dfc640f84d554263bc7849d46e7344a6]] standing in front of a plain off-white wall, soft diffused window light from the left, wearing a simple dark crew neck t-shirt, shoulders and chest visible, looking directly into the camera with a relaxed neutral expression",https://cloud.inference.sh/app/files/u/4mg21r6ta37mpaz6ktzwtt8krr/01kmt84vemy0jdbxwqmw8q99v6.png
2,phota,21.715473175048828,"a well-lit headshot of [[dfc640f84d554263bc7849d46e7344a6]] taken in a bright room, even lighting from both sides eliminating shadows, slight smile with lips closed, hair neatly styled, sharp focus on the eyes, blurred cream background",https://cloud.inference.sh/app/files/u/4mg21r6ta37mpaz6ktzwtt8krr/01kmt852gpvaefy9wjj1vc8yjc.png
3,phota,20.440961837768555,"a passport-style photo of [[dfc640f84d554263bc7849d46e7344a6]] against a flat white background, face centered in frame, ears visible, no accessories, neutral expression with mouth closed, shot from chest up with a 50mm equivalent lens",https://cloud.inference.sh/app/files/u/4mg21r6ta37mpaz6ktzwtt8krr/01kmt84q39ahn110qwvk4q552b.png
4,phota,21.752920150756836,"a medium shot of [[dfc640f84d554263bc7849d46e7344a6]] standing outdoors on an overcast day, flat even lighting with no harsh shadows, wearing a navy blue button-down shirt, hands relaxed at sides, a row of parked cars and a sidewalk visible behind them",https://cloud.inference.sh/app/files/u/4mg21r6ta37mpaz6ktzwtt8krr/01kmt85btraa0np9n0wstms3vw.png
5,phota,22.440099716186523,"a photo of [[dfc640f84d554263bc7849d46e7344a6]] sitting at a clean wooden desk in a quiet home office, a laptop and coffee mug on the desk, a bookshelf with scattered books on the wall behind, warm overhead light, looking at the camera with a calm focused expression",https://cloud.inference.sh/app/files/u/4mg21r6ta37mpaz6ktzwtt8krr/01kmt84z6emayr9nh01nk3zrea.png
6,phota,22.204437255859375,"a waist-up photo of [[dfc640f84d554263bc7849d46e7344a6]] standing in a park on a mild spring afternoon, a few bare trees and a gravel path behind them, wearing a gray zip-up fleece jacket, arms crossed loosely, soft natural daylight, relaxed posture",https://cloud.inference.sh/app/files/u/4mg21r6ta37mpaz6ktzwtt8krr/01kmt86kcfh9kq9nc0sa2a6et6.png
7,phota,0,"a sharp photo of [[dfc640f84d554263bc7849d46e7344a6]] leaning slightly against a concrete pillar in an open corridor, wearing a white linen shirt with sleeves rolled up, one hand in pocket, a long empty hallway stretching out of focus behind them",https://cloud.inference.sh/app/files/u/4mg21r6ta37mpaz6ktzwtt8krr/01kmt86n9v50j25fxt9enrdkj8.png
8,phota,20.845285415649414,"a candid-looking photo of [[dfc640f84d554263bc7849d46e7344a6]] standing in a kitchen doorway, warm tungsten light spilling from the room behind, wearing a casual dark henley shirt, one hand resting on the door frame, slight head tilt, natural and unposed",https://cloud.inference.sh/app/files/u/4mg21r6ta37mpaz6ktzwtt8krr/01kmt868109qwj361m9vr4ymjn.png
10,phota,22.13776397705078,"a chest-up photo of [[dfc640f84d554263bc7849d46e7344a6]] sitting on a simple wooden bench in a courtyard, a stone wall with climbing ivy behind them, late afternoon light casting a warm glow, wearing a dark olive sweater, looking into the camera with a slight squint",https://cloud.inference.sh/app/files/u/4mg21r6ta37mpaz6ktzwtt8krr/01kmt86nxb5q5tdfkkrf8jvep3.png
11,phota,20.771329879760742,"a photo of [[dfc640f84d554263bc7849d46e7344a6]] throwing their head back laughing hard at something off-camera, eyes crinkled shut, mouth wide open showing teeth, standing in a bright sunlit living room with a white sofa and potted plants behind them",https://cloud.inference.sh/app/files/u/4mg21r6ta37mpaz6ktzwtt8krr/01kmt879qvztk7cynasp1z9jj3.png
12,phota,21.107067108154297,"a close-up of [[dfc640f84d554263bc7849d46e7344a6]] with a subtle knowing smile, one eyebrow slightly raised, shot in a dimly lit bar with warm amber lights and rows of bottles blurred in the background, a half-empty cocktail glass on the wooden counter beside them",https://cloud.inference.sh/app/files/u/4mg21r6ta37mpaz6ktzwtt8krr/01kmt87tta32q10a6nfyk65hm1.png
13,phota,21.874011993408203,"a photo of [[dfc640f84d554263bc7849d46e7344a6]] staring intensely into the camera with a serious focused expression, jaw set, sitting at a large conference table in a modern glass-walled meeting room, papers and a laptop scattered on the table",https://cloud.inference.sh/app/files/u/4mg21r6ta37mpaz6ktzwtt8krr/01kmt88htben6zgkjxffy4msm5.png
14,phota,21.407718658447266,"a photo of [[dfc640f84d554263bc7849d46e7344a6]] with wide eyes and mouth open in genuine surprise, both hands raised to the sides of their face, standing in a doorway with a group of friends holding a birthday cake with lit candles visible behind them",https://cloud.inference.sh/app/files/u/4mg21r6ta37mpaz6ktzwtt8krr/01kmt88g7vk3av06r0dxb3jtgx.png
15,phota,19.490934371948242,"a photo of [[dfc640f84d554263bc7849d46e7344a6]] sitting alone on a park bench looking down at the ground with a melancholic expression, autumn leaves scattered on the wet pavement, a gray overcast sky, an empty playground with swings visible in the background",https://cloud.inference.sh/app/files/u/4mg21r6ta37mpaz6ktzwtt8krr/01kmt87zv03nf9wk5jp7h6y3mn.png
16,phota,22.342239379882812,"a photo of [[dfc640f84d554263bc7849d46e7344a6]] giving an exaggerated wink to the camera with a playful grin, one hand making a finger gun gesture, standing at a backyard barbecue with a smoking grill, string lights, and plastic chairs behind them",https://cloud.inference.sh/app/files/u/4mg21r6ta37mpaz6ktzwtt8krr/01kmt8889vma276w9xe81myvk3.png
17,phota,20.92426872253418,"a photo of [[dfc640f84d554263bc7849d46e7344a6]] meditating with eyes closed, face completely relaxed and peaceful, sitting cross-legged on a yoga mat in a bright minimalist room with large windows, a small potted succulent and a water bottle on the floor beside them",https://cloud.inference.sh/app/files/u/4mg21r6ta37mpaz6ktzwtt8krr/01kmt89ac2p8mer7m7dp2m24qj.png
18,phota,21.403148651123047,"a candid photo of [[dfc640f84d554263bc7849d46e7344a6]] mid-sentence talking to someone just out of frame, mouth slightly open, one hand gesturing, seated at a small round cafe table with two espresso cups and a croissant on a white plate",https://cloud.inference.sh/app/files/u/4mg21r6ta37mpaz6ktzwtt8krr/01kmt89v431eqjym1kvfrz1rzc.png
19,phota,21.091203689575195,"a photo of [[dfc640f84d554263bc7849d46e7344a6]] squinting hard with one eye closed against bright direct sunlight, holding a hand up to shield their face, standing on a concrete pier with fishing boats and calm blue water behind them",https://cloud.inference.sh/app/files/u/4mg21r6ta37mpaz6ktzwtt8krr/01kmt89v1k0tw67811shjp67ag.png
20,phota,21.87238121032715,"a photo of [[dfc640f84d554263bc7849d46e7344a6]] with a wide mischievous grin leaning forward conspiratorially, elbows on a rustic wooden table in a crowded pub, other patrons and pint glasses blurred in the warm background",https://cloud.inference.sh/app/files/u/4mg21r6ta37mpaz6ktzwtt8krr/01kmt89re1fywmsh58gpbqy7j5.png
21,phota,21.610578536987305,"a side profile photo of [[dfc640f84d554263bc7849d46e7344a6]] looking to the left, sharp jawline and ear visible, shot against a large floor-to-ceiling window with a cityscape of buildings and cranes visible through the glass, late afternoon light outlining their silhouette",https://cloud.inference.sh/app/files/u/4mg21r6ta37mpaz6ktzwtt8krr/01kmt8aj44kk5x1xm38c9ft6nm.png
22,phota,22.198965072631836,"a three-quarter angle photo of [[dfc640f84d554263bc7849d46e7344a6]] turning slightly to the right, one shoulder closer to camera, standing in front of a rusty corrugated metal wall covered in old peeling posters, wearing a dark denim jacket",https://cloud.inference.sh/app/files/u/4mg21r6ta37mpaz6ktzwtt8krr/01kmt8aj1s8yhrqnkjyvak99y7.png
23,phota,19.486217498779297,"a photo of [[dfc640f84d554263bc7849d46e7344a6]] looking back over their right shoulder toward the camera while walking down a narrow cobblestone alley, old brick buildings with fire escapes on both sides, a bicycle leaning against a wall, warm late-day light",https://cloud.inference.sh/app/files/u/4mg21r6ta37mpaz6ktzwtt8krr/01kmt8bfknvjbp1e8zm59v4nct.png
24,phota,20.2861270904541,"a dramatic low-angle photo of [[dfc640f84d554263bc7849d46e7344a6]] shot from below looking up, standing on a concrete overpass with the sky and steel bridge cables behind them, wearing a long dark coat, the perspective making them appear tall and imposing",https://cloud.inference.sh/app/files/u/4mg21r6ta37mpaz6ktzwtt8krr/01kmt8bp4thtkzn6rgb73mdv93.png
25,phota,20.98235511779785,"a photo of [[dfc640f84d554263bc7849d46e7344a6]] taken from slightly above, looking up at the camera, lying on their back on a checkered picnic blanket in a grassy park, a wicker basket and some scattered fruit visible, trees framing the edges of the shot",https://cloud.inference.sh/app/files/u/4mg21r6ta37mpaz6ktzwtt8krr/01kmt8cbkhsbqj7wdmx2rrkjdq.png
26,phota,19.571500778198242,"an extreme close-up of [[dfc640f84d554263bc7849d46e7344a6]] face filling the entire frame, every pore and eyelash visible, sharp focus on the iris of their left eye, the bridge of their nose and lips slightly out of focus, studio lighting",https://cloud.inference.sh/app/files/u/4mg21r6ta37mpaz6ktzwtt8krr/01kmt8cs950qrzfcm98g557z20.png
27,phota,20.40304946899414,"a photo of [[dfc640f84d554263bc7849d46e7344a6]] leaning with their back flat against a red brick wall, one foot propped up behind them, arms folded, head turned to look at something down the street where a yellow taxi and some pedestrians are visible",https://cloud.inference.sh/app/files/u/4mg21r6ta37mpaz6ktzwtt8krr/01kmt8cbn3q1sn8bm4dq3kkxyy.png
28,phota,21.806827545166016,"a photo of [[dfc640f84d554263bc7849d46e7344a6]] seated in a deep leather armchair in a dimly lit study, legs crossed, one elbow on the armrest with chin resting on hand, shelves of old leather-bound books and a green desk lamp behind them",https://cloud.inference.sh/app/files/u/4mg21r6ta37mpaz6ktzwtt8krr/01kmt8d0b19nz6f2zvxmdaqhfe.png
29,phota,21.327993392944336,"a photo of [[dfc640f84d554263bc7849d46e7344a6]] with head tilted about 15 degrees to the left, a slight curious expression, standing in a greenhouse surrounded by hanging ferns and tropical plants, soft green-filtered light coming through the glass roof",https://cloud.inference.sh/app/files/u/4mg21r6ta37mpaz6ktzwtt8krr/01kmt8czmj2p9sqhd3f916v6qh.png
30,phota,21.24498748779297,"a photo of [[dfc640f84d554263bc7849d46e7344a6]] gazing out over a lake from a wooden dock, shot from behind at a slight angle so their face is visible in quarter profile, mountains and pine trees reflected in the still water, early morning mist rising",https://cloud.inference.sh/app/files/u/4mg21r6ta37mpaz6ktzwtt8krr/01kmt8dnrh3mcebr5qzwjgnerb.png
31,phota,21.429195404052734,"a photo of [[dfc640f84d554263bc7849d46e7344a6]] resting their chin on both hands with elbows on a table, a pensive thoughtful look, sitting in a window seat of a train with blurred countryside racing past outside the glass",https://cloud.inference.sh/app/files/u/4mg21r6ta37mpaz6ktzwtt8krr/01kmt8dzy2z8w9gfxg3yh8hhs1.png
32,phota,19.949947357177734,"a photo of [[dfc640f84d554263bc7849d46e7344a6]] turning around from a doorway to face the camera, one hand on the door handle, body facing away but face turned fully toward the lens, a long bright hallway with polished floors stretching behind them",https://cloud.inference.sh/app/files/u/4mg21r6ta37mpaz6ktzwtt8krr/01kmt8ek7tqb48xfe999sp4ds4.png
33,phota,20.767065048217773,"a full body shot of [[dfc640f84d554263bc7849d46e7344a6]] walking confidently down a wide city sidewalk, briefcase in one hand, other arm swinging naturally, tall glass office buildings on both sides, other pedestrians and a food cart in the background",https://cloud.inference.sh/app/files/u/4mg21r6ta37mpaz6ktzwtt8krr/01kmt8e77vaaagpnhbvqtdpn6m.png
34,phota,20.890243530273438,"a photo of [[dfc640f84d554263bc7849d46e7344a6]] crouching down to pet a golden retriever on a gravel path in a public park, trees and a park bench visible, another dog walker passing in the background, natural afternoon light",https://cloud.inference.sh/app/files/u/4mg21r6ta37mpaz6ktzwtt8krr/01kmt8fembtd6egbvex7xszxn7.png
35,phota,20.60199546813965,"a photo of [[dfc640f84d554263bc7849d46e7344a6]] standing with both arms stretched wide at the edge of a cliff overlooking a vast green valley, wind blowing their hair and jacket, dramatic clouds in the sky, shot from behind and slightly to the side",https://cloud.inference.sh/app/files/u/4mg21r6ta37mpaz6ktzwtt8krr/01kmt8eynbqa3arq7a30td6nfe.png
36,phota,20.8703670501709,"a photo of [[dfc640f84d554263bc7849d46e7344a6]] standing on a hot sidewalk at noon with harsh direct overhead sunlight casting strong shadows under the nose and chin, squinting slightly, a dry concrete plaza with metal benches and a single tree behind them",https://cloud.inference.sh/app/files/u/4mg21r6ta37mpaz6ktzwtt8krr/01kmt8fv6ten0y1r2v3tp2q7vp.png
37,phota,21.710477828979492,"a photo of [[dfc640f84d554263bc7849d46e7344a6]] walking through a wheat field during golden hour, warm amber light wrapping around their face and shoulders, long shadows stretching across the golden stalks, a treeline and orange sky on the horizon",https://cloud.inference.sh/app/files/u/4mg21r6ta37mpaz6ktzwtt8krr/01kmt8fwvxt7se5rmnyjvj60a7.png
38,phota,21.29485321044922,"a photo of [[dfc640f84d554263bc7849d46e7344a6]] standing in front of a large bright window, mostly silhouetted with light outlining their hair and shoulders, face partially visible in the shadow, a cluttered artist studio with easels and paint tubes inside the room",https://cloud.inference.sh/app/files/u/4mg21r6ta37mpaz6ktzwtt8krr/01kmt8gaxmnzm8db7h3bb892ar.png
39,phota,22.466215133666992,"a photo of [[dfc640f84d554263bc7849d46e7344a6]] standing on a rainy city street at night with pink and blue neon signs from shops and restaurants reflected on the wet asphalt, wearing a dark raincoat, face lit by the colorful neon glow, other people with umbrellas passing",https://cloud.inference.sh/app/files/u/4mg21r6ta37mpaz6ktzwtt8krr/01kmt8g8fgs5tfecpddafmhzpw.png
40,phota,20.489246368408203,"a photo of [[dfc640f84d554263bc7849d46e7344a6]] lit from one side by a single harsh light source, half of their face brightly illuminated and the other half in deep shadow, standing in a dark empty theater with rows of red velvet seats barely visible behind them",https://cloud.inference.sh/app/files/u/4mg21r6ta37mpaz6ktzwtt8krr/01kmt8gk69xc8j0an8yeveahjq.png
41,phota,22.50948715209961,"a photo of [[dfc640f84d554263bc7849d46e7344a6]] sitting at a desk in a generic office under flat harsh fluorescent ceiling lights, a computer monitor glowing on the desk, stacks of paper and a stapler nearby, no shadows, slightly washed out unflattering light",https://cloud.inference.sh/app/files/u/4mg21r6ta37mpaz6ktzwtt8krr/01kmt8h43trgveavv4g3ggd56q.png
42,phota,20.568038940429688,"a photo of [[dfc640f84d554263bc7849d46e7344a6]] sitting at a small round table in a dark room lit only by three tall candles, the warm orange flame light dancing across their face, a wine glass and an open book on the table, deep shadows everywhere",https://cloud.inference.sh/app/files/u/4mg21r6ta37mpaz6ktzwtt8krr/01kmt8jb476mzd5nrbrp0v74v1.png
43,phota,21.022096633911133,"a photo of [[dfc640f84d554263bc7849d46e7344a6]] standing in a field on a gray overcast day with completely flat diffused light and no visible shadows, a fence and some cows in the distant background, wearing a waterproof jacket, damp grass underfoot",https://cloud.inference.sh/app/files/u/4mg21r6ta37mpaz6ktzwtt8krr/01kmt8jba1g5wpt5sxxnhekqzt.png
44,phota,21.222888946533203,"a studio photo of [[dfc640f84d554263bc7849d46e7344a6]] with a bright rim light behind them creating a glowing outline around their head and shoulders, the front of their face lit by a soft fill light, a dark charcoal gray seamless background",https://cloud.inference.sh/app/files/u/4mg21r6ta37mpaz6ktzwtt8krr/01kmt8hr4ntqb4qqrsq3pxzzmh.png
45,phota,21.55450439453125,"a photo of [[dfc640f84d554263bc7849d46e7344a6]] standing under a large oak tree with sunlight filtering through the leaves creating patches of bright light and shadow across their face and body, a grassy meadow with wildflowers stretching behind them",https://cloud.inference.sh/app/files/u/4mg21r6ta37mpaz6ktzwtt8krr/01kmt8keqx2knd7hvhcsey72wh.png
46,phota,20.707929611206055,"a photo of [[dfc640f84d554263bc7849d46e7344a6]] standing at a busy crosswalk in downtown Tokyo, crowds of people with shopping bags crossing in every direction, bright billboards and signs in Japanese covering the buildings, shot from across the street",https://cloud.inference.sh/app/files/u/4mg21r6ta37mpaz6ktzwtt8krr/01kmt8je69taqjq2fxpm2wesa2.png
47,phota,20.351774215698242,"a photo of [[dfc640f84d554263bc7849d46e7344a6]] standing on a wide sandy beach at low tide, gentle waves breaking in the distance, a few seagulls on the sand, a wooden lifeguard tower to the left, flip flops in one hand, pants rolled up to the calves",https://cloud.inference.sh/app/files/u/4mg21r6ta37mpaz6ktzwtt8krr/01kmt8kefeprar6ca3vnnd650q.png
48,phota,19.238910675048828,"a photo of [[dfc640f84d554263bc7849d46e7344a6]] standing on a forest trail surrounded by tall moss-covered pine trees, ferns growing along the path edges, a fallen log across the trail in the background, soft misty light filtering through the canopy",https://cloud.inference.sh/app/files/u/4mg21r6ta37mpaz6ktzwtt8krr/01kmt8kjddhhwhptb30601njvv.png
49,phota,21.889957427978516,"a photo of [[dfc640f84d554263bc7849d46e7344a6]] standing in an open-plan tech office with rows of standing desks, dual monitors, and employees working in the background, a whiteboard covered in sticky notes and diagrams on the wall, bright overhead lighting",https://cloud.inference.sh/app/files/u/4mg21r6ta37mpaz6ktzwtt8krr/01kmt8kpdpsk36j6q3qkvvaqtz.png
50,phota,21.250398635864258,"a photo of [[dfc640f84d554263bc7849d46e7344a6]] sitting at a small marble table in a busy European cafe, an espresso and a glass of water on the table, other customers chatting at nearby tables, a waiter carrying a tray, chalkboard menu on the wall",https://cloud.inference.sh/app/files/u/4mg21r6ta37mpaz6ktzwtt8krr/01kmt8n16e0nvxjhymkwh7vemg.png
51,phota,20.42290496826172,"a photo of [[dfc640f84d554263bc7849d46e7344a6]] standing on the rooftop of a tall building at dusk, the city skyline stretching behind them with lit office windows and a few red aircraft warning lights, wind blowing their hair, a concrete ledge and metal railing visible",https://cloud.inference.sh/app/files/u/4mg21r6ta37mpaz6ktzwtt8krr/01kmt8nrmmes7075r4tea50jpx.png
52,phota,20.31623649597168,"a photo of [[dfc640f84d554263bc7849d46e7344a6]] browsing bookshelves in a large old library with tall wooden shelves stretching to the ceiling, rolling ladders on brass rails, warm reading lamps on heavy oak tables where a few students are studying",https://cloud.inference.sh/app/files/u/4mg21r6ta37mpaz6ktzwtt8krr/01kmt8n9d6kmh47r1y8efmx7g7.png
53,phota,21.379886627197266,"a photo of [[dfc640f84d554263bc7849d46e7344a6]] kneeling in a lush garden tending to tomato plants, a watering can and gardening gloves on the ground beside them, a wooden fence with climbing roses behind, a wheelbarrow visible in the corner",https://cloud.inference.sh/app/files/u/4mg21r6ta37mpaz6ktzwtt8krr/01kmt8mzc2at5ev8dh0vyytyq1.png
54,phota,21.177839279174805,"a photo of [[dfc640f84d554263bc7849d46e7344a6]] standing on a subway platform as a train arrives with its headlights on, tiled walls with mosaic artwork, a few other commuters waiting with bags and headphones, fluorescent strip lights overhead",https://cloud.inference.sh/app/files/u/4mg21r6ta37mpaz6ktzwtt8krr/01kmt8p5h2zz5hb8v71frtr007.png
55,phota,21.217552185058594,"a photo of [[dfc640f84d554263bc7849d46e7344a6]] standing on a rocky mountain trail at high altitude, a panoramic view of snow-capped peaks and a glacier lake below, wearing hiking boots and a backpack, trekking poles in hand, clear blue sky",https://cloud.inference.sh/app/files/u/4mg21r6ta37mpaz6ktzwtt8krr/01kmt8mxvz72pzjfyc45xtbkmw.png
56,phota,22.293025970458984,"a photo of [[dfc640f84d554263bc7849d46e7344a6]] seated at a restaurant table set for dinner, white tablecloth, wine glasses, folded napkins, a small candle centerpiece, other diners at adjacent tables, a waiter in the background carrying plates",https://cloud.inference.sh/app/files/u/4mg21r6ta37mpaz6ktzwtt8krr/01kmt8q2yw466ycybtqep8e3jw.png
57,phota,20.69439697265625,"a photo of [[dfc640f84d554263bc7849d46e7344a6]] standing in a dim concrete parking garage next to a dark car, harsh overhead fluorescent tubes casting greenish light, painted lane markings on the floor, exit signs glowing red in the distance",https://cloud.inference.sh/app/files/u/4mg21r6ta37mpaz6ktzwtt8krr/01kmt8px184r5xgvccbmhb2p1g.png
58,phota,21.310651779174805,"a photo of [[dfc640f84d554263bc7849d46e7344a6]] walking down a rainy street holding a transparent umbrella, puddles reflecting streetlights on the asphalt, a row of closed shop fronts with metal shutters, another person with a red umbrella ahead of them",https://cloud.inference.sh/app/files/u/4mg21r6ta37mpaz6ktzwtt8krr/01kmt8pmwg9cfgv4mfnmmc12vq.png
59,phota,20.84784698486328,"a photo of [[dfc640f84d554263bc7849d46e7344a6]] standing in a large white photography studio with a seamless paper backdrop, professional lighting stands and softboxes visible at the edges of frame, wearing all black, arms at sides",https://cloud.inference.sh/app/files/u/4mg21r6ta37mpaz6ktzwtt8krr/01kmt8qgfx4ydqhxhk7z7dxz96.png
60,phota,21.302295684814453,"a photo of [[dfc640f84d554263bc7849d46e7344a6]] standing in front of a massive colorful street mural covering an entire building wall, geometric shapes and faces in bright blues oranges and pinks, a chain-link fence and some trash bins at the base",https://cloud.inference.sh/app/files/u/4mg21r6ta37mpaz6ktzwtt8krr/01kmt8qh8ta63sx72xbwxc039b.png
61,phota,21.555267333984375,"a photo of [[dfc640f84d554263bc7849d46e7344a6]] wearing a chunky knit beanie hat pulled down low, standing at an outdoor Christmas market with wooden stalls selling ornaments and mulled wine, fairy lights strung overhead, other shoppers browsing",https://cloud.inference.sh/app/files/u/4mg21r6ta37mpaz6ktzwtt8krr/01kmt8r0r4antjnzq7jpmjx8bv.png
62,phota,20.999052047729492,"a photo of [[dfc640f84d554263bc7849d46e7344a6]] with a thick wool scarf wrapped high around their neck and chin, standing at a bus stop on a cold gray morning, frosted glass shelter behind them, a red double-decker bus approaching in the distance",https://cloud.inference.sh/app/files/u/4mg21r6ta37mpaz6ktzwtt8krr/01kmt8rtg4vfag8wb05y49ezn5.png
63,phota,21.715848922729492,"a photo of [[dfc640f84d554263bc7849d46e7344a6]] wearing large over-ear headphones around their neck, leaning against a record store counter, vinyl records in crates and band posters on the walls behind them, warm interior lighting",https://cloud.inference.sh/app/files/u/4mg21r6ta37mpaz6ktzwtt8krr/01kmt8rax48cjyrh5jpfdqxa1a.png
64,phota,21.260631561279297,"a photo of [[dfc640f84d554263bc7849d46e7344a6]] in a sharp tailored charcoal suit with a white shirt and dark tie, standing in the marble lobby of a corporate building, a security desk and revolving glass doors behind them, polished floors reflecting the lights",https://cloud.inference.sh/app/files/u/4mg21r6ta37mpaz6ktzwtt8krr/01kmt8s703rba7hx900ebqrzr8.png
65,phota,21.719860076904297,"a photo of [[dfc640f84d554263bc7849d46e7344a6]] wearing an oversized hoodie with the hood pulled up, sitting on concrete steps outside a skate park, a skateboard beside them, graffiti on the ramps in the background, late afternoon shadows",https://cloud.inference.sh/app/files/u/4mg21r6ta37mpaz6ktzwtt8krr/01kmt8saa805dhs436rcmqn78r.png
66,phota,21.457502365112305,"a photo of [[dfc640f84d554263bc7849d46e7344a6]] wearing a worn brown leather jacket with a white t-shirt underneath, leaning on a motorcycle parked on the side of a desert highway, flat empty landscape and power lines stretching to the horizon",https://cloud.inference.sh/app/files/u/4mg21r6ta37mpaz6ktzwtt8krr/01kmt8st3y5f9hhwvvywy4wmzw.png
67,phota,21.67268180847168,"a photo of [[dfc640f84d554263bc7849d46e7344a6]] wearing a backwards baseball cap, standing in the dugout of a baseball field holding a bat over one shoulder, the diamond and outfield grass visible through the chain-link fence, bright sunny day",https://cloud.inference.sh/app/files/u/4mg21r6ta37mpaz6ktzwtt8krr/01kmt8t5p24rqwdzynw71fawn8.png
68,phota,0,"a photo of [[dfc640f84d554263bc7849d46e7344a6]] in athletic running gear with a race bib pinned to their chest, standing at the starting line of a road race, other runners stretching and warming up behind them, an inflatable start arch overhead",https://cloud.inference.sh/app/files/u/4mg21r6ta37mpaz6ktzwtt8krr/01kmt8tv7zw2000c9svpy93s5w.png
69,phota,20.50490951538086,"a photo of [[dfc640f84d554263bc7849d46e7344a6]] wrapped in a large cozy blanket on a sofa, holding a steaming mug with both hands, a crackling fireplace in the background, a sleeping cat curled up on the other end of the sofa, warm dim lighting",https://cloud.inference.sh/app/files/u/4mg21r6ta37mpaz6ktzwtt8krr/01kmt8w4a659zgzssjtd2nysa7.png
70,phota,21.29354476928711,"a photo of [[dfc640f84d554263bc7849d46e7344a6]] wearing round wire-frame reading glasses, sitting at a cluttered desk examining a document, stacks of papers and file folders surrounding them, a desk lamp casting a warm cone of light",https://cloud.inference.sh/app/files/u/4mg21r6ta37mpaz6ktzwtt8krr/01kmt8tpg8cw7jkja9zqpfdz4r.png
71,phota,22.324825286865234,"a portrait of [[dfc640f84d554263bc7849d46e7344a6]] shot on an 85mm f1.4 lens with extremely shallow depth of field, face in razor-sharp focus while the background of a busy autumn park with people and orange trees dissolves into smooth round bokeh",https://cloud.inference.sh/app/files/u/4mg21r6ta37mpaz6ktzwtt8krr/01kmt8vha74fty13tcy2jdb44q.png
72,phota,21.831640243530273,"a photo of [[dfc640f84d554263bc7849d46e7344a6]] shot on a 24mm wide angle lens in a small apartment kitchen, slight barrel distortion stretching the edges, the full room visible including a fridge covered in magnets, a small dining table, and a window above the sink",https://cloud.inference.sh/app/files/u/4mg21r6ta37mpaz6ktzwtt8krr/01kmt8vk5eve6f8cj21xvp182f.png
73,phota,21.432897567749023,"a photo of [[dfc640f84d554263bc7849d46e7344a6]] shot on Kodak Portra 400 film with visible grain and slightly muted warm tones, standing in front of a vintage gas station with old pumps and a faded sign, a dusty pickup truck parked beside them",https://cloud.inference.sh/app/files/u/4mg21r6ta37mpaz6ktzwtt8krr/01kmt8wmnjeawbde45kakyh4g6.png
74,phota,20.41716957092285,"a photo of [[dfc640f84d554263bc7849d46e7344a6]] taken with an extreme fisheye lens creating a circular distorted image, standing in the middle of an empty basketball court, the hoop and backboard curving dramatically overhead, the entire court visible in the warped frame",https://cloud.inference.sh/app/files/u/4mg21r6ta37mpaz6ktzwtt8krr/01kmt8wtdms902arakw9gsgcdg.png
75,phota,21.403406143188477,"a polaroid photo of [[dfc640f84d554263bc7849d46e7344a6]] with the characteristic white border and slightly washed-out faded colors, standing at a house party with red cups and streamers visible, slight light leak in the corner, casual and spontaneous",https://cloud.inference.sh/app/files/u/4mg21r6ta37mpaz6ktzwtt8krr/01kmt8wvrt10kdypyggz6c7pys.png
76,phota,19.801218032836914,"a high-contrast black and white photo of [[dfc640f84d554263bc7849d46e7344a6]] standing in a doorway, dramatic shadows and bright highlights, deep blacks and pure whites with minimal midtones, a staircase with an iron railing visible inside",https://cloud.inference.sh/app/files/u/4mg21r6ta37mpaz6ktzwtt8krr/01kmt8x6r52qxb11ytaahrqh0y.png
77,phota,20.00039291381836,"a photo of [[dfc640f84d554263bc7849d46e7344a6]] shot on a medium format Hasselblad with that distinctive medium format look, extremely fine detail and smooth tonal gradations, shallow focus, standing in a field of lavender stretching to the horizon",https://cloud.inference.sh/app/files/u/4mg21r6ta37mpaz6ktzwtt8krr/01kmt8y0yz5d5rv93pg5w6p2wr.png
78,phota,20.971294403076172,"a deliberately slightly overexposed photo of [[dfc640f84d554263bc7849d46e7344a6]] with blown-out highlights around the hair and shoulders, standing in a bright airy loft space with white walls and large skylights, giving a dreamy ethereal look",https://cloud.inference.sh/app/files/u/4mg21r6ta37mpaz6ktzwtt8krr/01kmt8yd59904jh12q2bwdm04t.png
79,phota,20.68474578857422,"a panning shot of [[dfc640f84d554263bc7849d46e7344a6]] jogging through a park, their face and body relatively sharp while the trees and path behind them are horizontally motion-blurred, suggesting speed and movement, athletic clothing",https://cloud.inference.sh/app/files/u/4mg21r6ta37mpaz6ktzwtt8krr/01kmt8yr4tf0vrf4sezkcgw2x9.png
80,phota,18.989641189575195,"an extreme macro close-up of half of [[dfc640f84d554263bc7849d46e7344a6]] face, just one eye and part of the nose and cheek filling the frame, every skin texture and eyelash visible in sharp detail, the iris reflecting a small window, studio lighting",https://cloud.inference.sh/app/files/u/4mg21r6ta37mpaz6ktzwtt8krr/01kmt8yn5cfejqt2d1qj29bm0r.png
81,phota,22.294784545898438,"a cinematic widescreen still of [[dfc640f84d554263bc7849d46e7344a6]] sitting alone in a near-empty diner at night, a neon OPEN sign in the window, a counter with red vinyl stools, a waitress pouring coffee in the background, moody blue and orange color grading",https://cloud.inference.sh/app/files/u/4mg21r6ta37mpaz6ktzwtt8krr/01kmt8ywqa0zjqmy6bv35g7m7w.png
82,phota,22.440837860107422,"a high-fashion editorial photo of [[dfc640f84d554263bc7849d46e7344a6]] in a stark white room, dramatic pose with one hand in hair, wearing an avant-garde geometric black outfit, harsh directional lighting creating angular shadows on the wall",https://cloud.inference.sh/app/files/u/4mg21r6ta37mpaz6ktzwtt8krr/01kmt8zn26rga7p1rc9zhg44k9.png
83,phota,23.326297760009766,"a corporate LinkedIn-style headshot of [[dfc640f84d554263bc7849d46e7344a6]] in business casual, warm approachable smile, shot from shoulders up against a softly blurred modern office background with glass partitions and green plants",https://cloud.inference.sh/app/files/u/4mg21r6ta37mpaz6ktzwtt8krr/01kmt90hj9k582wpkab7ffd9qy.png
84,phota,19.15022087097168,"a street photography candid of [[dfc640f84d554263bc7849d46e7344a6]] caught mid-stride crossing a wet street, slightly off-center composition, a bus and taxi in the background, reflections on the road, shot with a 35mm lens from across the street",https://cloud.inference.sh/app/files/u/4mg21r6ta37mpaz6ktzwtt8krr/01kmt90ht31sjrzk7r6b9ex6bb.png
85,phota,21.74081802368164,"a richly detailed portrait of [[dfc640f84d554263bc7849d46e7344a6]] in the style of a Renaissance painting, dramatic chiaroscuro lighting, a dark velvet curtain behind them, warm golden tones, as if painted by Rembrandt with photographic clarity",https://cloud.inference.sh/app/files/u/4mg21r6ta37mpaz6ktzwtt8krr/01kmt90ad4zrs8nymnqek39xxy.png
86,phota,21.567493438720703,"a moody atmospheric portrait of [[dfc640f84d554263bc7849d46e7344a6]] standing in a field with thick low-hanging fog obscuring everything below the waist, bare trees with twisted branches barely visible in the mist, muted desaturated tones",https://cloud.inference.sh/app/files/u/4mg21r6ta37mpaz6ktzwtt8krr/01kmt908acyzgnhmrv3k2m099d.png
87,phota,19.861154556274414,"a high-contrast dramatic portrait of [[dfc640f84d554263bc7849d46e7344a6]] with deep blacks and punchy highlights, cross-processed look with slightly shifted colors, standing in front of a corrugated steel warehouse door, urban and edgy",https://cloud.inference.sh/app/files/u/4mg21r6ta37mpaz6ktzwtt8krr/01kmt910rr6krp1x3t8px01zvr.png
88,phota,21.57009506225586,"a soft dreamy portrait of [[dfc640f84d554263bc7849d46e7344a6]] shot through a vintage lens with natural lens flare streaking across the frame, wildflowers in the foreground slightly out of focus, warm golden backlight, ethereal and romantic",https://cloud.inference.sh/app/files/u/4mg21r6ta37mpaz6ktzwtt8krr/01kmt91g4awyzjgr9f17zmwgvm.png
89,phota,21.988679885864258,"a raw gritty documentary-style photo of [[dfc640f84d554263bc7849d46e7344a6]] in a busy commercial kitchen, stainless steel surfaces and hanging pots behind them, steam rising from a large pot, harsh overhead work lights, sweat on their forehead",https://cloud.inference.sh/app/files/u/4mg21r6ta37mpaz6ktzwtt8krr/01kmt92h0bqesknxkqcvz7ewj9.png
90,phota,20.898466110229492,"a retro 1970s style photo of [[dfc640f84d554263bc7849d46e7344a6]] with warm faded colors and soft focus, wearing a wide-collar shirt, sitting on the hood of a vintage car in a suburban driveway, a split-level house and basketball hoop in the background",https://cloud.inference.sh/app/files/u/4mg21r6ta37mpaz6ktzwtt8krr/01kmt92x1sch7mrsh8wkdmpdba.png
91,phota,21.913883209228516,"a photo of [[dfc640f84d554263bc7849d46e7344a6]] covering the lower half of their face with one hand, only eyes and forehead visible, standing in a crowded elevator with four other people in business attire, mirrored walls reflecting everyone",https://cloud.inference.sh/app/files/u/4mg21r6ta37mpaz6ktzwtt8krr/01kmt92288w1txhf451jvjcxqg.png
92,phota,20.401735305786133,"a photo of [[dfc640f84d554263bc7849d46e7344a6]] looking at their own reflection in a large ornate bathroom mirror, both the real person from behind and the reflected face visible, marble countertop with toiletries, warm vanity lighting",https://cloud.inference.sh/app/files/u/4mg21r6ta37mpaz6ktzwtt8krr/01kmt9395dgdvxf5vk4brwrsf4.png
93,phota,21.37885284423828,"a photo of [[dfc640f84d554263bc7849d46e7344a6]] standing behind a rain-streaked glass window looking out, face partially distorted by the water droplets and reflections, a blurry street scene with cars and umbrellas visible through the glass",https://cloud.inference.sh/app/files/u/4mg21r6ta37mpaz6ktzwtt8krr/01kmt93gwah366xak0kng159h2.png
94,phota,20.153446197509766,"a photo of [[dfc640f84d554263bc7849d46e7344a6]] in an extremely dark room lit only by the glow of a phone screen illuminating the lower half of their face, the rest lost in deep shadow, sitting on the edge of a bed, nighttime",https://cloud.inference.sh/app/files/u/4mg21r6ta37mpaz6ktzwtt8krr/01kmt94ne9hhmn62zbyawn231a.png
95,phota,19.019651412963867,"a photo of [[dfc640f84d554263bc7849d46e7344a6]] with elaborate theatrical stage makeup including white face paint and exaggerated dark eye makeup, standing backstage among costume racks and mirrors with light bulbs around them",https://cloud.inference.sh/app/files/u/4mg21r6ta37mpaz6ktzwtt8krr/01kmt94mzzt89p9j245tvyk3e9.png
96,phota,20.955774307250977,"an underwater photo of [[dfc640f84d554263bc7849d46e7344a6]] swimming in a turquoise pool, hair floating and bubbles rising, sunlight refracting through the water creating caustic light patterns on their skin, shot from below looking up",https://cloud.inference.sh/app/files/u/4mg21r6ta37mpaz6ktzwtt8krr/01kmt944gzr23b5brhgxxahrvq.png
97,phota,20.968870162963867,"a photo of [[dfc640f84d554263bc7849d46e7344a6]] made to look 30 years older with gray hair and deeper wrinkles, sitting on a porch in a rocking chair, a glass of lemonade on a small table, a quiet suburban street with oak trees",https://cloud.inference.sh/app/files/u/4mg21r6ta37mpaz6ktzwtt8krr/01kmt94kvgdw37xhvpj0fm67gx.png
98,phota,20.936189651489258,"a photo of [[dfc640f84d554263bc7849d46e7344a6]] as a young child around age 6, sitting on a swing in a playground, scuffed knees and a gap-toothed smile, other children playing on a jungle gym in the background, bright summer day",https://cloud.inference.sh/app/files/u/4mg21r6ta37mpaz6ktzwtt8krr/01kmt96b7q634rkqw7ceyg7k51.png
99,phota,21.891464233398438,"a group photo of [[dfc640f84d554263bc7849d46e7344a6]] standing in the center of a group of eight friends at a rooftop party, everyone holding drinks and smiling, city lights behind them, string lights overhead, [[dfc640f84d554263bc7849d46e7344a6]] is the tallest person in the group",https://cloud.inference.sh/app/files/u/4mg21r6ta37mpaz6ktzwtt8krr/01kmt95pyrxd425wc7cje70c2q.png
100,phota,20.98955726623535,"a photo of [[dfc640f84d554263bc7849d46e7344a6]] pressed against a bus window from outside, face slightly flattened and distorted by the glass, condensation around the edges, other passengers barely visible inside, a rainy gray street reflected in the window",https://cloud.inference.sh/app/files/u/4mg21r6ta37mpaz6ktzwtt8krr/01kmt96aytcx57d26tr1kack58.png
9,phota,21.964759826660156,"a photo of [[dfc640f84d554263bc7849d46e7344a6]] standing on a quiet residential street in the early morning, a few houses with mailboxes and trimmed hedges visible, wearing a light jacket over a t-shirt, hands in jacket pockets, soft blue morning light",https://cloud.inference.sh/app/files/u/4mg21r6ta37mpaz6ktzwtt8krr/01kmt9wbap1c35amybhsha2v0b.png
1,nb2,24.4614315032959,"a clean portrait photo of the woman in this image standing in front of a plain off-white wall, soft diffused window light from the left, wearing a simple dark crew neck t-shirt, shoulders and chest visible, looking directly into the camera with a relaxed neutral expression",https://cloud.inference.sh/app/files/u/4mg21r6ta37mpaz6ktzwtt8krr/01kmtbcpygvpvk9axwy1yv87v7.png
2,nb2,23.14291000366211,"a well-lit headshot of the woman in this image taken in a bright room, even lighting from both sides eliminating shadows, slight smile with lips closed, hair neatly styled, sharp focus on the eyes, blurred cream background",https://cloud.inference.sh/app/files/u/4mg21r6ta37mpaz6ktzwtt8krr/01kmtbcxx3kcktfq0a374jx4vg.png
3,nb2,21.821958541870117,"a passport-style photo of the woman in this image against a flat white background, face centered in frame, ears visible, no accessories, neutral expression with mouth closed, shot from chest up with a 50mm equivalent lens",https://cloud.inference.sh/app/files/u/4mg21r6ta37mpaz6ktzwtt8krr/01kmtbcq11sbv6ftae12xbk3n4.png
4,nb2,22.25063133239746,"a medium shot of the woman in this image standing outdoors on an overcast day, flat even lighting with no harsh shadows, wearing a navy blue button-down shirt, hands relaxed at sides, a row of parked cars and a sidewalk visible behind them",https://cloud.inference.sh/app/files/u/4mg21r6ta37mpaz6ktzwtt8krr/01kmtbcvm97jj43vzp2q09g9d4.png
5,nb2,22.59459686279297,"a photo of the woman in this image sitting at a clean wooden desk in a quiet home office, a laptop and coffee mug on the desk, a bookshelf with scattered books on the wall behind, warm overhead light, looking at the camera with a calm focused expression",https://cloud.inference.sh/app/files/u/4mg21r6ta37mpaz6ktzwtt8krr/01kmtbd71w18z7kqypcp74zcs3.png
6,nb2,23.155597686767578,"a waist-up photo of the woman in this image standing in a park on a mild spring afternoon, a few bare trees and a gravel path behind them, wearing a gray zip-up fleece jacket, arms crossed loosely, soft natural daylight, relaxed posture",https://cloud.inference.sh/app/files/u/4mg21r6ta37mpaz6ktzwtt8krr/01kmtbdbzxktwjr0ky03ybvmpm.png
7,nb2,22.441280364990234,"a sharp photo of the woman in this image leaning slightly against a concrete pillar in an open corridor, wearing a white linen shirt with sleeves rolled up, one hand in pocket, a long empty hallway stretching out of focus behind them",https://cloud.inference.sh/app/files/u/4mg21r6ta37mpaz6ktzwtt8krr/01kmtbda1rcq71xx4e3zh1w3vh.png
8,nb2,22.88948631286621,"a candid-looking photo of the woman in this image standing in a kitchen doorway, warm tungsten light spilling from the room behind, wearing a casual dark henley shirt, one hand resting on the door frame, slight head tilt, natural and unposed",https://cloud.inference.sh/app/files/u/4mg21r6ta37mpaz6ktzwtt8krr/01kmtbdh77rrjyggqqzvg0gqky.png
9,nb2,22.985370635986328,"a photo of the woman in this image standing on a quiet residential street in the early morning, a few houses with mailboxes and trimmed hedges visible, wearing a light jacket over a t-shirt, hands in jacket pockets, soft blue morning light",https://cloud.inference.sh/app/files/u/4mg21r6ta37mpaz6ktzwtt8krr/01kmtbdk7qpmkam35cpqs4j2ez.png
10,nb2,23.53207778930664,"a chest-up photo of the woman in this image sitting on a simple wooden bench in a courtyard, a stone wall with climbing ivy behind them, late afternoon light casting a warm glow, wearing a dark olive sweater, looking into the camera with a slight squint",https://cloud.inference.sh/app/files/u/4mg21r6ta37mpaz6ktzwtt8krr/01kmtbdvj4p0wjjtv11z24mhq1.png
11,nb2,21.99447250366211,"a photo of the woman in this image throwing their head back laughing hard at something off-camera, eyes crinkled shut, mouth wide open showing teeth, standing in a bright sunlit living room with a white sofa and potted plants behind them",https://cloud.inference.sh/app/files/u/4mg21r6ta37mpaz6ktzwtt8krr/01kmtbe4t054vdswfhypd3d5de.png
12,nb2,22.59930419921875,"a close-up of the woman in this image with a subtle knowing smile, one eyebrow slightly raised, shot in a dimly lit bar with warm amber lights and rows of bottles blurred in the background, a half-empty cocktail glass on the wooden counter beside them",https://cloud.inference.sh/app/files/u/4mg21r6ta37mpaz6ktzwtt8krr/01kmtbe2qrhbrr5mrg1ekex4hg.png
14,nb2,23.279916763305664,"a photo of the woman in this image with wide eyes and mouth open in genuine surprise, both hands raised to the sides of their face, standing in a doorway with a group of friends holding a birthday cake with lit candles visible behind them",https://cloud.inference.sh/app/files/u/4mg21r6ta37mpaz6ktzwtt8krr/01kmtbe7d6qxrdsw0tg5xbtmk3.png
15,nb2,21.905488967895508,"a photo of the woman in this image sitting alone on a park bench looking down at the ground with a melancholic expression, autumn leaves scattered on the wet pavement, a gray overcast sky, an empty playground with swings visible in the background",https://cloud.inference.sh/app/files/u/4mg21r6ta37mpaz6ktzwtt8krr/01kmtberwtggd5a1cd1c4341rs.png
16,nb2,24.269325256347656,"a photo of the woman in this image giving an exaggerated wink to the camera with a playful grin, one hand making a finger gun gesture, standing at a backyard barbecue with a smoking grill, string lights, and plastic chairs behind them",https://cloud.inference.sh/app/files/u/4mg21r6ta37mpaz6ktzwtt8krr/01kmtbemvegqvjjzz3jrwb7xed.png
17,nb2,23.746408462524414,"a photo of the woman in this image meditating with eyes closed, face completely relaxed and peaceful, sitting cross-legged on a yoga mat in a bright minimalist room with large windows, a small potted succulent and a water bottle on the floor beside them",https://cloud.inference.sh/app/files/u/4mg21r6ta37mpaz6ktzwtt8krr/01kmtbep9fxmc4ty9bhnratkc5.png
18,nb2,23.776103973388672,"a candid photo of the woman in this image mid-sentence talking to someone just out of frame, mouth slightly open, one hand gesturing, seated at a small round cafe table with two espresso cups and a croissant on a white plate",https://cloud.inference.sh/app/files/u/4mg21r6ta37mpaz6ktzwtt8krr/01kmtbf4ksq22sqnwj0byv6kb1.png
19,nb2,22.756181716918945,"a photo of the woman in this image squinting hard with one eye closed against bright direct sunlight, holding a hand up to shield their face, standing on a concrete pier with fishing boats and calm blue water behind them",https://cloud.inference.sh/app/files/u/4mg21r6ta37mpaz6ktzwtt8krr/01kmtbespywt9vnka1mnbkx6mq.png
20,nb2,23.55181121826172,"a photo of the woman in this image with a wide mischievous grin leaning forward conspiratorially, elbows on a rustic wooden table in a crowded pub, other patrons and pint glasses blurred in the warm background",https://cloud.inference.sh/app/files/u/4mg21r6ta37mpaz6ktzwtt8krr/01kmtbfak0xrb7y27yxm8z1vvh.png
21,nb2,22.43532371520996,"a side profile photo of the woman in this image looking to the left, sharp jawline and ear visible, shot against a large floor-to-ceiling window with a cityscape of buildings and cranes visible through the glass, late afternoon light outlining their silhouette",https://cloud.inference.sh/app/files/u/4mg21r6ta37mpaz6ktzwtt8krr/01kmtbfg03n9p7jd9f61sy2qtz.png
22,nb2,23.332218170166016,"a three-quarter angle photo of the woman in this image turning slightly to the right, one shoulder closer to camera, standing in front of a rusty corrugated metal wall covered in old peeling posters, wearing a dark denim jacket",https://cloud.inference.sh/app/files/u/4mg21r6ta37mpaz6ktzwtt8krr/01kmtbfyj8tsh6gc7yphk2022k.png
23,nb2,22.415868759155273,"a photo of the woman in this image looking back over their right shoulder toward the camera while walking down a narrow cobblestone alley, old brick buildings with fire escapes on both sides, a bicycle leaning against a wall, warm late-day light",https://cloud.inference.sh/app/files/u/4mg21r6ta37mpaz6ktzwtt8krr/01kmtbfqvbnf3k4taxwh22vec7.png
24,nb2,21.175647735595703,"a dramatic low-angle photo of the woman in this image shot from below looking up, standing on a concrete overpass with the sky and steel bridge cables behind them, wearing a long dark coat, the perspective making them appear tall and imposing",https://cloud.inference.sh/app/files/u/4mg21r6ta37mpaz6ktzwtt8krr/01kmtbfrf1pby13sxtpne857ne.png
25,nb2,21.9527530670166,"a photo of the woman in this image taken from slightly above, looking up at the camera, lying on their back on a checkered picnic blanket in a grassy park, a wicker basket and some scattered fruit visible, trees framing the edges of the shot",https://cloud.inference.sh/app/files/u/4mg21r6ta37mpaz6ktzwtt8krr/01kmtbfxx3cyamx9gwj6838pgj.png
26,nb2,20.80504035949707,"an extreme close-up of the woman in this image face filling the entire frame, every pore and eyelash visible, sharp focus on the iris of their left eye, the bridge of their nose and lips slightly out of focus, studio lighting",https://cloud.inference.sh/app/files/u/4mg21r6ta37mpaz6ktzwtt8krr/01kmtbgrhtg5y7y5qvfatyzr6c.png
27,nb2,21.545337677001953,"a photo of the woman in this image leaning with their back flat against a red brick wall, one foot propped up behind them, arms folded, head turned to look at something down the street where a yellow taxi and some pedestrians are visible",https://cloud.inference.sh/app/files/u/4mg21r6ta37mpaz6ktzwtt8krr/01kmtbgfr9dwh8kr3pd9f1z375.png
28,nb2,23.734193801879883,"a photo of the woman in this image seated in a deep leather armchair in a dimly lit study, legs crossed, one elbow on the armrest with chin resting on hand, shelves of old leather-bound books and a green desk lamp behind them",https://cloud.inference.sh/app/files/u/4mg21r6ta37mpaz6ktzwtt8krr/01kmtbgd4ajvwkqn5hs0g2ye6g.png
29,nb2,23.485193252563477,"a photo of the woman in this image with head tilted about 15 degrees to the left, a slight curious expression, standing in a greenhouse surrounded by hanging ferns and tropical plants, soft green-filtered light coming through the glass roof",https://cloud.inference.sh/app/files/u/4mg21r6ta37mpaz6ktzwtt8krr/01kmtbghzvnpyre0myzkrmjv3b.png
30,nb2,22.415674209594727,"a photo of the woman in this image gazing out over a lake from a wooden dock, shot from behind at a slight angle so their face is visible in quarter profile, mountains and pine trees reflected in the still water, early morning mist rising",https://cloud.inference.sh/app/files/u/4mg21r6ta37mpaz6ktzwtt8krr/01kmtbh1s7j9g8zjz1x58ar2wz.png
31,nb2,20.980859756469727,"a photo of the woman in this image resting their chin on both hands with elbows on a table, a pensive thoughtful look, sitting in a window seat of a train with blurred countryside racing past outside the glass",https://cloud.inference.sh/app/files/u/4mg21r6ta37mpaz6ktzwtt8krr/01kmtbgkvaffq817vfq659yy9b.png
33,nb2,21.328433990478516,"a full body shot of the woman in this image walking confidently down a wide city sidewalk, briefcase in one hand, other arm swinging naturally, tall glass office buildings on both sides, other pedestrians and a food cart in the background",https://cloud.inference.sh/app/files/u/4mg21r6ta37mpaz6ktzwtt8krr/01kmtbhhn878w5wf7chv6201c7.png
34,nb2,23.197643280029297,"a photo of the woman in this image crouching down to pet a golden retriever on a gravel path in a public park, trees and a park bench visible, another dog walker passing in the background, natural afternoon light",https://cloud.inference.sh/app/files/u/4mg21r6ta37mpaz6ktzwtt8krr/01kmtbh769wsb1mwv1vgkfrtxw.png
35,nb2,21.93600082397461,"a photo of the woman in this image standing with both arms stretched wide at the edge of a cliff overlooking a vast green valley, wind blowing their hair and jacket, dramatic clouds in the sky, shot from behind and slightly to the side",https://cloud.inference.sh/app/files/u/4mg21r6ta37mpaz6ktzwtt8krr/01kmtbhkah6f36t5k1en3mvfw2.png
36,nb2,22.854602813720703,"a photo of the woman in this image standing on a hot sidewalk at noon with harsh direct overhead sunlight casting strong shadows under the nose and chin, squinting slightly, a dry concrete plaza with metal benches and a single tree behind them",https://cloud.inference.sh/app/files/u/4mg21r6ta37mpaz6ktzwtt8krr/01kmtbhth04245aw5pcmspjws7.png
37,nb2,23.962942123413086,"a photo of the woman in this image walking through a wheat field during golden hour, warm amber light wrapping around their face and shoulders, long shadows stretching across the golden stalks, a treeline and orange sky on the horizon",https://cloud.inference.sh/app/files/u/4mg21r6ta37mpaz6ktzwtt8krr/01kmtbj4f7296g7sd6q7twtb5m.png
38,nb2,21.800691604614258,"a photo of the woman in this image standing in front of a large bright window, mostly silhouetted with light outlining their hair and shoulders, face partially visible in the shadow, a cluttered artist studio with easels and paint tubes inside the room",https://cloud.inference.sh/app/files/u/4mg21r6ta37mpaz6ktzwtt8krr/01kmtbhvejarbbrvbcpds0w3dh.png
39,nb2,23.56305694580078,"a photo of the woman in this image standing on a rainy city street at night with pink and blue neon signs from shops and restaurants reflected on the wet asphalt, wearing a dark raincoat, face lit by the colorful neon glow, other people with umbrellas passing",https://cloud.inference.sh/app/files/u/4mg21r6ta37mpaz6ktzwtt8krr/01kmtbjfqevya1n7gv42c73h7n.png
40,nb2,21.968948364257812,"a photo of the woman in this image lit from one side by a single harsh light source, half of their face brightly illuminated and the other half in deep shadow, standing in a dark empty theater with rows of red velvet seats barely visible behind them",https://cloud.inference.sh/app/files/u/4mg21r6ta37mpaz6ktzwtt8krr/01kmtbjpybvzzg8d9yjkqv5bm6.png
42,nb2,23.069902420043945,"a photo of the woman in this image sitting at a small round table in a dark room lit only by three tall candles, the warm orange flame light dancing across their face, a wine glass and an open book on the table, deep shadows everywhere",https://cloud.inference.sh/app/files/u/4mg21r6ta37mpaz6ktzwtt8krr/01kmtbjsdrz7pz1545zkmw29we.png
43,nb2,23.11067771911621,"a photo of the woman in this image standing in a field on a gray overcast day with completely flat diffused light and no visible shadows, a fence and some cows in the distant background, wearing a waterproof jacket, damp grass underfoot",https://cloud.inference.sh/app/files/u/4mg21r6ta37mpaz6ktzwtt8krr/01kmtbjrawqtcs8wv2qy552bx3.png
44,nb2,22.068824768066406,"a studio photo of the woman in this image with a bright rim light behind them creating a glowing outline around their head and shoulders, the front of their face lit by a soft fill light, a dark charcoal gray seamless background",https://cloud.inference.sh/app/files/u/4mg21r6ta37mpaz6ktzwtt8krr/01kmtbjy40bxjkqepk1efd73c0.png
45,nb2,22.316572189331055,"a photo of the woman in this image standing under a large oak tree with sunlight filtering through the leaves creating patches of bright light and shadow across their face and body, a grassy meadow with wildflowers stretching behind them",https://cloud.inference.sh/app/files/u/4mg21r6ta37mpaz6ktzwtt8krr/01kmtbkaw76hmgygfsf4rqpx7x.png
46,nb2,22.846561431884766,"a photo of the woman in this image standing at a busy crosswalk in downtown Tokyo, crowds of people with shopping bags crossing in every direction, bright billboards and signs in Japanese covering the buildings, shot from across the street",https://cloud.inference.sh/app/files/u/4mg21r6ta37mpaz6ktzwtt8krr/01kmtbk42v39fs41zsrrbpbbq5.png
47,nb2,21.29556655883789,"a photo of the woman in this image standing on a wide sandy beach at low tide, gentle waves breaking in the distance, a few seagulls on the sand, a wooden lifeguard tower to the left, flip flops in one hand, pants rolled up to the calves",https://cloud.inference.sh/app/files/u/4mg21r6ta37mpaz6ktzwtt8krr/01kmtbkk155egjh7d47306ym9m.png
49,nb2,23.6041316986084,"a photo of the woman in this image standing in an open-plan tech office with rows of standing desks, dual monitors, and employees working in the background, a whiteboard covered in sticky notes and diagrams on the wall, bright overhead lighting",https://cloud.inference.sh/app/files/u/4mg21r6ta37mpaz6ktzwtt8krr/01kmtbkkmec7ac6ynsdcvmrr9r.png
50,nb2,21.510324478149414,"a photo of the woman in this image sitting at a small marble table in a busy European cafe, an espresso and a glass of water on the table, other customers chatting at nearby tables, a waiter carrying a tray, chalkboard menu on the wall",https://cloud.inference.sh/app/files/u/4mg21r6ta37mpaz6ktzwtt8krr/01kmtbknwss1hvzrz674r264ah.png
51,nb2,22.17119026184082,"a photo of the woman in this image standing on the rooftop of a tall building at dusk, the city skyline stretching behind them with lit office windows and a few red aircraft warning lights, wind blowing their hair, a concrete ledge and metal railing visible",https://cloud.inference.sh/app/files/u/4mg21r6ta37mpaz6ktzwtt8krr/01kmtbkzkzkxhxp81rhm9z217z.png
52,nb2,20.942508697509766,"a photo of the woman in this image browsing bookshelves in a large old library with tall wooden shelves stretching to the ceiling, rolling ladders on brass rails, warm reading lamps on heavy oak tables where a few students are studying",https://cloud.inference.sh/app/files/u/4mg21r6ta37mpaz6ktzwtt8krr/01kmtbkz40fq7hgj5w4pfrtkba.png
53,nb2,23.284809112548828,"a photo of the woman in this image kneeling in a lush garden tending to tomato plants, a watering can and gardening gloves on the ground beside them, a wooden fence with climbing roses behind, a wheelbarrow visible in the corner",https://cloud.inference.sh/app/files/u/4mg21r6ta37mpaz6ktzwtt8krr/01kmtbmpm01aevj40r3nwwvd7q.png
54,nb2,21.351343154907227,"a photo of the woman in this image standing on a subway platform as a train arrives with its headlights on, tiled walls with mosaic artwork, a few other commuters waiting with bags and headphones, fluorescent strip lights overhead",https://cloud.inference.sh/app/files/u/4mg21r6ta37mpaz6ktzwtt8krr/01kmtbm7s49272snacq66zv51k.png
55,nb2,24.138551712036133,"a photo of the woman in this image standing on a rocky mountain trail at high altitude, a panoramic view of snow-capped peaks and a glacier lake below, wearing hiking boots and a backpack, trekking poles in hand, clear blue sky",https://cloud.inference.sh/app/files/u/4mg21r6ta37mpaz6ktzwtt8krr/01kmtbmfwzwak798jz3e37bkd3.png
56,nb2,23.202342987060547,"a photo of the woman in this image seated at a restaurant table set for dinner, white tablecloth, wine glasses, folded napkins, a small candle centerpiece, other diners at adjacent tables, a waiter in the background carrying plates",https://cloud.inference.sh/app/files/u/4mg21r6ta37mpaz6ktzwtt8krr/01kmtbmjb1awfv389e7y55g5m6.png
57,nb2,22.236812591552734,"a photo of the woman in this image standing in a dim concrete parking garage next to a dark car, harsh overhead fluorescent tubes casting greenish light, painted lane markings on the floor, exit signs glowing red in the distance",https://cloud.inference.sh/app/files/u/4mg21r6ta37mpaz6ktzwtt8krr/01kmtbmwprntykfr9vja59zfrh.png
58,nb2,21.723403930664062,"a photo of the woman in this image walking down a rainy street holding a transparent umbrella, puddles reflecting streetlights on the asphalt, a row of closed shop fronts with metal shutters, another person with a red umbrella ahead of them",https://cloud.inference.sh/app/files/u/4mg21r6ta37mpaz6ktzwtt8krr/01kmtbmzc955rh2yvy6gczsg75.png
59,nb2,21.256135940551758,"a photo of the woman in this image standing in a large white photography studio with a seamless paper backdrop, professional lighting stands and softboxes visible at the edges of frame, wearing all black, arms at sides",https://cloud.inference.sh/app/files/u/4mg21r6ta37mpaz6ktzwtt8krr/01kmtbn84h6eg32rkh2bg8hbsf.png
60,nb2,22.323402404785156,"a photo of the woman in this image standing in front of a massive colorful street mural covering an entire building wall, geometric shapes and faces in bright blues oranges and pinks, a chain-link fence and some trash bins at the base",https://cloud.inference.sh/app/files/u/4mg21r6ta37mpaz6ktzwtt8krr/01kmtbn62rrwaf3yn0vz4hqvpg.png
61,nb2,23.41136932373047,"a photo of the woman in this image wearing a chunky knit beanie hat pulled down low, standing at an outdoor Christmas market with wooden stalls selling ornaments and mulled wine, fairy lights strung overhead, other shoppers browsing",https://cloud.inference.sh/app/files/u/4mg21r6ta37mpaz6ktzwtt8krr/01kmtbnj9fj60bn8pxmmphpfcc.png
62,nb2,23.32709503173828,"a photo of the woman in this image with a thick wool scarf wrapped high around their neck and chin, standing at a bus stop on a cold gray morning, frosted glass shelter behind them, a red double-decker bus approaching in the distance",https://cloud.inference.sh/app/files/u/4mg21r6ta37mpaz6ktzwtt8krr/01kmtbnhmmm8qmyskcmw0385s3.png
63,nb2,23.357454299926758,"a photo of the woman in this image wearing large over-ear headphones around their neck, leaning against a record store counter, vinyl records in crates and band posters on the walls behind them, warm interior lighting",https://cloud.inference.sh/app/files/u/4mg21r6ta37mpaz6ktzwtt8krr/01kmtbnxe9y1w7cetm0kwtnz9r.png
64,nb2,24.26152229309082,"a photo of the woman in this image in a sharp tailored charcoal suit with a white shirt and dark tie, standing in the marble lobby of a corporate building, a security desk and revolving glass doors behind them, polished floors reflecting the lights",https://cloud.inference.sh/app/files/u/4mg21r6ta37mpaz6ktzwtt8krr/01kmtbnzqar8chgme9x20nb2nb.png
66,nb2,23.703582763671875,"a photo of the woman in this image wearing a worn brown leather jacket with a white t-shirt underneath, leaning on a motorcycle parked on the side of a desert highway, flat empty landscape and power lines stretching to the horizon",https://cloud.inference.sh/app/files/u/4mg21r6ta37mpaz6ktzwtt8krr/01kmtbp8nwggj857mnvggtjq8t.png
67,nb2,22.738407135009766,"a photo of the woman in this image wearing a backwards baseball cap, standing in the dugout of a baseball field holding a bat over one shoulder, the diamond and outfield grass visible through the chain-link fence, bright sunny day",https://cloud.inference.sh/app/files/u/4mg21r6ta37mpaz6ktzwtt8krr/01kmtbpadywmkwekecr4b3tm4k.png
68,nb2,24.733123779296875,"a photo of the woman in this image in athletic running gear with a race bib pinned to their chest, standing at the starting line of a road race, other runners stretching and warming up behind them, an inflatable start arch overhead",https://cloud.inference.sh/app/files/u/4mg21r6ta37mpaz6ktzwtt8krr/01kmtbpzh00d6g4443cb2bxmsh.png
69,nb2,22.790950775146484,"a photo of the woman in this image wrapped in a large cozy blanket on a sofa, holding a steaming mug with both hands, a crackling fireplace in the background, a sleeping cat curled up on the other end of the sofa, warm dim lighting",https://cloud.inference.sh/app/files/u/4mg21r6ta37mpaz6ktzwtt8krr/01kmtbpkrhftb9y85db14ygwk5.png
71,nb2,22.730588912963867,"a portrait of the woman in this image shot on an 85mm f1.4 lens with extremely shallow depth of field, face in razor-sharp focus while the background of a busy autumn park with people and orange trees dissolves into smooth round bokeh",https://cloud.inference.sh/app/files/u/4mg21r6ta37mpaz6ktzwtt8krr/01kmtbpwkjtsyyq9mk6frckzkd.png
72,nb2,22.35621452331543,"a photo of the woman in this image shot on a 24mm wide angle lens in a small apartment kitchen, slight barrel distortion stretching the edges, the full room visible including a fridge covered in magnets, a small dining table, and a window above the sink",https://cloud.inference.sh/app/files/u/4mg21r6ta37mpaz6ktzwtt8krr/01kmtbpzrb2kbbx6yh96pa5828.png
73,nb2,23.570390701293945,"a photo of the woman in this image shot on Kodak Portra 400 film with visible grain and slightly muted warm tones, standing in front of a vintage gas station with old pumps and a faded sign, a dusty pickup truck parked beside them",https://cloud.inference.sh/app/files/u/4mg21r6ta37mpaz6ktzwtt8krr/01kmtbq3gvbq4xnpgj1r58r143.png
74,nb2,23.051387786865234,"a photo of the woman in this image taken with an extreme fisheye lens creating a circular distorted image, standing in the middle of an empty basketball court, the hoop and backboard curving dramatically overhead, the entire court visible in the warped frame",https://cloud.inference.sh/app/files/u/4mg21r6ta37mpaz6ktzwtt8krr/01kmtbqay1k42xxagzjb20fnyb.png
75,nb2,24.016727447509766,"a polaroid photo of the woman in this image with the characteristic white border and slightly washed-out faded colors, standing at a house party with red cups and streamers visible, slight light leak in the corner, casual and spontaneous",https://cloud.inference.sh/app/files/u/4mg21r6ta37mpaz6ktzwtt8krr/01kmtbqmdv9b0z0q2jtx1s1yvj.png
76,nb2,21.602190017700195,"a high-contrast black and white photo of the woman in this image standing in a doorway, dramatic shadows and bright highlights, deep blacks and pure whites with minimal midtones, a staircase with an iron railing visible inside",https://cloud.inference.sh/app/files/u/4mg21r6ta37mpaz6ktzwtt8krr/01kmtbqnaa77aqweqtb0aw16dd.png
77,nb2,22.389545440673828,"a photo of the woman in this image shot on a medium format Hasselblad with that distinctive medium format look, extremely fine detail and smooth tonal gradations, shallow focus, standing in a field of lavender stretching to the horizon",https://cloud.inference.sh/app/files/u/4mg21r6ta37mpaz6ktzwtt8krr/01kmtbqt9vvnck2md4fyqhntdj.png
78,nb2,22.264724731445312,"a deliberately slightly overexposed photo of the woman in this image with blown-out highlights around the hair and shoulders, standing in a bright airy loft space with white walls and large skylights, giving a dreamy ethereal look",https://cloud.inference.sh/app/files/u/4mg21r6ta37mpaz6ktzwtt8krr/01kmtbqwfjq1mfrdk1a6xdn1zk.png
79,nb2,22.743099212646484,"a panning shot of the woman in this image jogging through a park, their face and body relatively sharp while the trees and path behind them are horizontally motion-blurred, suggesting speed and movement, athletic clothing",https://cloud.inference.sh/app/files/u/4mg21r6ta37mpaz6ktzwtt8krr/01kmtbr9hw537m4ef0jc4r2d0h.png
80,nb2,20.406982421875,"an extreme macro close-up of half of the woman in this image face, just one eye and part of the nose and cheek filling the frame, every skin texture and eyelash visible in sharp detail, the iris reflecting a small window, studio lighting",https://cloud.inference.sh/app/files/u/4mg21r6ta37mpaz6ktzwtt8krr/01kmtbrjx21re7tcsk44her3w2.png
81,nb2,22.25849723815918,"a cinematic widescreen still of the woman in this image sitting alone in a near-empty diner at night, a neon OPEN sign in the window, a counter with red vinyl stools, a waitress pouring coffee in the background, moody blue and orange color grading",https://cloud.inference.sh/app/files/u/4mg21r6ta37mpaz6ktzwtt8krr/01kmtbrgf819fkebxg3y4g3kqq.png
82,nb2,23.995845794677734,"a high-fashion editorial photo of the woman in this image in a stark white room, dramatic pose with one hand in hair, wearing an avant-garde geometric black outfit, harsh directional lighting creating angular shadows on the wall",https://cloud.inference.sh/app/files/u/4mg21r6ta37mpaz6ktzwtt8krr/01kmtbrgrj59tdk711bbd0jbmp.png
83,nb2,24.259281158447266,"a corporate LinkedIn-style headshot of the woman in this image in business casual, warm approachable smile, shot from shoulders up against a softly blurred modern office background with glass partitions and green plants",https://cloud.inference.sh/app/files/u/4mg21r6ta37mpaz6ktzwtt8krr/01kmtbrys5phkdef9y9975etk0.png
84,nb2,20.891239166259766,"a street photography candid of the woman in this image caught mid-stride crossing a wet street, slightly off-center composition, a bus and taxi in the background, reflections on the road, shot with a 35mm lens from across the street",https://cloud.inference.sh/app/files/u/4mg21r6ta37mpaz6ktzwtt8krr/01kmtbrgst8b8mahakghn92gyy.png
85,nb2,23.013168334960938,"a richly detailed portrait of the woman in this image in the style of a Renaissance painting, dramatic chiaroscuro lighting, a dark velvet curtain behind them, warm golden tones, as if painted by Rembrandt with photographic clarity",https://cloud.inference.sh/app/files/u/4mg21r6ta37mpaz6ktzwtt8krr/01kmtbs3rhv9hhb0qr5bf93wz1.png
86,nb2,22.810121536254883,"a moody atmospheric portrait of the woman in this image standing in a field with thick low-hanging fog obscuring everything below the waist, bare trees with twisted branches barely visible in the mist, muted desaturated tones",https://cloud.inference.sh/app/files/u/4mg21r6ta37mpaz6ktzwtt8krr/01kmtbsa1gp732e4r5by8afzcp.png
87,nb2,21.987741470336914,"a high-contrast dramatic portrait of the woman in this image with deep blacks and punchy highlights, cross-processed look with slightly shifted colors, standing in front of a corrugated steel warehouse door, urban and edgy",https://cloud.inference.sh/app/files/u/4mg21r6ta37mpaz6ktzwtt8krr/01kmtbs68n4k85jyfdx979qv4c.png
88,nb2,23.271190643310547,"a soft dreamy portrait of the woman in this image shot through a vintage lens with natural lens flare streaking across the frame, wildflowers in the foreground slightly out of focus, warm golden backlight, ethereal and romantic",https://cloud.inference.sh/app/files/u/4mg21r6ta37mpaz6ktzwtt8krr/01kmtbsdjkrqcmkwcpg3q4ygna.png
89,nb2,23.598886489868164,"a raw gritty documentary-style photo of the woman in this image in a busy commercial kitchen, stainless steel surfaces and hanging pots behind them, steam rising from a large pot, harsh overhead work lights, sweat on their forehead",https://cloud.inference.sh/app/files/u/4mg21r6ta37mpaz6ktzwtt8krr/01kmtbsmzhkwtemnhzhfent3wz.png
90,nb2,23.685598373413086,"a retro 1970s style photo of the woman in this image with warm faded colors and soft focus, wearing a wide-collar shirt, sitting on the hood of a vintage car in a suburban driveway, a split-level house and basketball hoop in the background",https://cloud.inference.sh/app/files/u/4mg21r6ta37mpaz6ktzwtt8krr/01kmtbsqw920ezbk6bjxjj0684.png
91,nb2,22.401260375976562,"a photo of the woman in this image covering the lower half of their face with one hand, only eyes and forehead visible, standing in a crowded elevator with four other people in business attire, mirrored walls reflecting everyone",https://cloud.inference.sh/app/files/u/4mg21r6ta37mpaz6ktzwtt8krr/01kmtbt5ed738bqhy2md3bwgtk.png
92,nb2,21.17807960510254,"a photo of the woman in this image looking at their own reflection in a large ornate bathroom mirror, both the real person from behind and the reflected face visible, marble countertop with toiletries, warm vanity lighting",https://cloud.inference.sh/app/files/u/4mg21r6ta37mpaz6ktzwtt8krr/01kmtbt0er6ystrzj4ynvydmtx.png
93,nb2,22.979122161865234,"a photo of the woman in this image standing behind a rain-streaked glass window looking out, face partially distorted by the water droplets and reflections, a blurry street scene with cars and umbrellas visible through the glass",https://cloud.inference.sh/app/files/u/4mg21r6ta37mpaz6ktzwtt8krr/01kmtbtet0mk2q65f2fywb14s2.png
94,nb2,21.656991958618164,"a photo of the woman in this image in an extremely dark room lit only by the glow of a phone screen illuminating the lower half of their face, the rest lost in deep shadow, sitting on the edge of a bed, nighttime",https://cloud.inference.sh/app/files/u/4mg21r6ta37mpaz6ktzwtt8krr/01kmtbtanpyjhk0sth2kn1190t.png
95,nb2,22.41234588623047,"a photo of the woman in this image with elaborate theatrical stage makeup including white face paint and exaggerated dark eye makeup, standing backstage among costume racks and mirrors with light bulbs around them",https://cloud.inference.sh/app/files/u/4mg21r6ta37mpaz6ktzwtt8krr/01kmtbteracbpnze92abq9a70f.png
96,nb2,21.68686866760254,"an underwater photo of the woman in this image swimming in a turquoise pool, hair floating and bubbles rising, sunlight refracting through the water creating caustic light patterns on their skin, shot from below looking up",https://cloud.inference.sh/app/files/u/4mg21r6ta37mpaz6ktzwtt8krr/01kmtbtpeghn3dk8tt44qjj8kk.png
97,nb2,22.754907608032227,"a photo of the woman in this image made to look 30 years older with gray hair and deeper wrinkles, sitting on a porch in a rocking chair, a glass of lemonade on a small table, a quiet suburban street with oak trees",https://cloud.inference.sh/app/files/u/4mg21r6ta37mpaz6ktzwtt8krr/01kmtbtwkd35rmza1kjv7q1bs1.png
98,nb2,23.048234939575195,"a photo of the woman in this image as a young child around age 6, sitting on a swing in a playground, scuffed knees and a gap-toothed smile, other children playing on a jungle gym in the background, bright summer day",https://cloud.inference.sh/app/files/u/4mg21r6ta37mpaz6ktzwtt8krr/01kmtbv0wreyk8rv340jvqc3cg.png
99,nb2,24.260351181030273,"a group photo of the woman in this image standing in the center of a group of eight friends at a rooftop party, everyone holding drinks and smiling, city lights behind them, string lights overhead, the woman in this image is the tallest person in the group",https://cloud.inference.sh/app/files/u/4mg21r6ta37mpaz6ktzwtt8krr/01kmtbv2ggq62hy9xyj5a42rs8.png
100,nb2,23.145248413085938,"a photo of the woman in this image pressed against a bus window from outside, face slightly flattened and distorted by the glass, condensation around the edges, other passengers barely visible inside, a rainy gray street reflected in the window",https://cloud.inference.sh/app/files/u/4mg21r6ta37mpaz6ktzwtt8krr/01kmtbvmzqm19sbqmpawgx2mxe.png
13,nb2,24.413345336914062,"a photo of the woman in this image staring intensely into the camera with a serious focused expression, jaw set, sitting at a large conference table in a modern glass-walled meeting room, papers and a laptop scattered on the table",https://cloud.inference.sh/app/files/u/4mg21r6ta37mpaz6ktzwtt8krr/01kmtc53qpdgp3g2c69g9m2rcf.png
32,nb2,20.57311248779297,"a photo of the woman in this image turning around from a doorway to face the camera, one hand on the door handle, body facing away but face turned fully toward the lens, a long bright hallway with polished floors stretching behind them",https://cloud.inference.sh/app/files/u/4mg21r6ta37mpaz6ktzwtt8krr/01kmtc56mvbztae7bypcx75ccd.png
41,nb2,23.940128326416016,"a photo of the woman in this image sitting at a desk in a generic office under flat harsh fluorescent ceiling lights, a computer monitor glowing on the desk, stacks of paper and a stapler nearby, no shadows, slightly washed out unflattering light",https://cloud.inference.sh/app/files/u/4mg21r6ta37mpaz6ktzwtt8krr/01kmtc58z5kxp4kfca5d710ndd.png
48,nb2,21.346363067626953,"a photo of the woman in this image standing on a forest trail surrounded by tall moss-covered pine trees, ferns growing along the path edges, a fallen log across the trail in the background, soft misty light filtering through the canopy",https://cloud.inference.sh/app/files/u/4mg21r6ta37mpaz6ktzwtt8krr/01kmtc5cm3r8gretfzt66xznky.png
65,nb2,22.135149002075195,"a photo of the woman in this image wearing an oversized hoodie with the hood pulled up, sitting on concrete steps outside a skate park, a skateboard beside them, graffiti on the ramps in the background, late afternoon shadows",https://cloud.inference.sh/app/files/u/4mg21r6ta37mpaz6ktzwtt8krr/01kmtc5cthebdmfrxtae6ekzw2.png
70,nb2,23.80841827392578,"a photo of the woman in this image wearing round wire-frame reading glasses, sitting at a cluttered desk examining a document, stacks of papers and file folders surrounding them, a desk lamp casting a warm cone of light",https://cloud.inference.sh/app/files/u/4mg21r6ta37mpaz6ktzwtt8krr/01kmtc5pnqypecq9sq6kwwfrwn.png
